Description,Price,Link
Ford Mustang 5.0 V8 Ti-vct Gasolina Gt Premium Selectshift,398000.00,"https://carro.mercadolivre.com.br/MLB-3255441889-ford-mustang-50-v8-ti-vct-gasolina-gt-premium-selectshift-_JM#position=1&amp;search_layout=grid&amp;type=item&amp;tracking_id=e560eb5e-fd4d-4501-8220-36dcf74c2024"" target=""_blank"" title=""Ford Mustang 5.0 V8 Ti-vct Gasolina Gt Premium Selectshift""><h2 aria-level=""3"
Ford Mustang 5.0 V8 Ti-vct Gasolina Mach 1 Selectshift,495000.00,"https://carro.mercadolivre.com.br/MLB-3204317517-ford-mustang-50-v8-ti-vct-gasolina-mach-1-selectshift-_JM#position=2&amp;search_layout=grid&amp;type=item&amp;tracking_id=e560eb5e-fd4d-4501-8220-36dcf74c2024"" target=""_blank"" title=""Ford Mustang 5.0 V8 Ti-vct Gasolina Mach 1 Selectshift""><h2 aria-level=""3"
Ford Mustang 5.0 V8 Ti-vct Gasolina Gt Premium Selectshift,399000.00,"https://carro.mercadolivre.com.br/MLB-3240303608-ford-mustang-50-v8-ti-vct-gt-premium-selectshift-_JM#position=3&amp;search_layout=grid&amp;type=item&amp;tracking_id=e560eb5e-fd4d-4501-8220-36dcf74c2024"" target=""_blank"" title=""Ford Mustang 5.0 V8 Ti-vct Gasolina Gt Premium Selectshift""><h2 aria-level=""3"
Ford Mustang Mustang Gt Premium 5.0 V8,449900.00,"https://carro.mercadolivre.com.br/MLB-3293232789-ford-mustang-mustang-gt-premium-50-v8-gasolina-automatico-_JM#position=4&amp;search_layout=grid&amp;type=item&amp;tracking_id=e560eb5e-fd4d-4501-8220-36dcf74c2024"" target=""_blank"" title=""Ford Mustang Mustang Gt Premium 5.0 V8""><h2 aria-level=""3"
Ford Mustang 5.0 V8 Ti-vct Gasolina Black Shadow Selectshift,425000.00,"https://carro.mercadolivre.com.br/MLB-3426434776-ford-mustang-50-v8-ti-vct-gasolina-black-shadow-selectshift-_JM#position=5&amp;search_layout=grid&amp;type=item&amp;tracking_id=e560eb5e-fd4d-4501-8220-36dcf74c2024"" target=""_blank"" title=""Ford Mustang 5.0 V8 Ti-vct Gasolina Black Shadow Selectshift""><h2 aria-level=""3"
Ford Mustang Mustang Gt Premium 5.0 V8,394700.00,"https://carro.mercadolivre.com.br/MLB-3316843080-ford-mustang-mustang-gt-premium-50-v8-gasolina-automatico-_JM#position=6&amp;search_layout=grid&amp;type=item&amp;tracking_id=e560eb5e-fd4d-4501-8220-36dcf74c2024"" target=""_blank"" title=""Ford Mustang Mustang Gt Premium 5.0 V8""><h2 aria-level=""3"
Ford Mustang 5.0 V8 Ti-vct Gasolina Mach 1 Selectshift,520000.00,"https://carro.mercadolivre.com.br/MLB-3279079991-ford-mustang-50-v8-ti-vct-gasolina-mach-1-selectshift-_JM#position=7&amp;search_layout=grid&amp;type=item&amp;tracking_id=e560eb5e-fd4d-4501-8220-36dcf74c2024"" target=""_blank"" title=""Ford Mustang 5.0 V8 Ti-vct Gasolina Mach 1 Selectshift""><h2 aria-level=""3"
Ford Mustang 5.0 V8 Ti-vct Gasolina Gt Premium Selectshift,395000.00,"https://carro.mercadolivre.com.br/MLB-3279116229-ford-mustang-50-v8-ti-vct-gasolina-gt-premium-selectshift-_JM#position=8&amp;search_layout=grid&amp;type=item&amp;tracking_id=e560eb5e-fd4d-4501-8220-36dcf74c2024"" target=""_blank"" title=""Ford Mustang 5.0 V8 Ti-vct Gasolina Gt Premium Selectshift""><h2 aria-level=""3"
Ford Mustang 5.0 Gt Premium V8 2p,415900.00,"https://carro.mercadolivre.com.br/MLB-3254931006-ford-mustang-50-v8-ti-vct-gasol-gt-premium-selectshift2019-_JM#position=9&amp;search_layout=grid&amp;type=item&amp;tracking_id=e560eb5e-fd4d-4501-8220-36dcf74c2024"" target=""_blank"" title=""Ford Mustang 5.0 Gt Premium V8 2p""><h2 aria-level=""3"
Ford Mustang 5.0 Gt Premium V8 2p,369900.00,"https://carro.mercadolivre.com.br/MLB-3265088797-ford-mustang-2018-50-gt-premium-v8-2p-_JM#position=10&amp;search_layout=grid&amp;type=item&amp;tracking_id=e560eb5e-fd4d-4501-8220-36dcf74c2024"" target=""_blank"" title=""Ford Mustang 5.0 Gt Premium V8 2p""><h2 aria-level=""3"
Ford Mustang 5.0 Gt Premium V8 2p,399990.00,"https://carro.mercadolivre.com.br/MLB-3236446680-ford-mustang-gt-premium-50-top-novinho-favorita-multimarcas-_JM#position=11&amp;search_layout=grid&amp;type=item&amp;tracking_id=e560eb5e-fd4d-4501-8220-36dcf74c2024"" target=""_blank"" title=""Ford Mustang 5.0 Gt Premium V8 2p""><h2 aria-level=""3"
Ford Mustang 5.0 V8 Ti-vct Black Shadow,419900.00,"https://carro.mercadolivre.com.br/MLB-3236763389-ford-mustang-50-v8-ti-vct-black-shadow-_JM#position=12&amp;search_layout=grid&amp;type=item&amp;tracking_id=e560eb5e-fd4d-4501-8220-36dcf74c2024"" target=""_blank"" title=""Ford Mustang 5.0 V8 Ti-vct Black Shadow""><h2 aria-level=""3"
Ford Mustang 5.0 V8 Ti-vct Gasolina Black Shadow Selectshift,434900.00,"https://carro.mercadolivre.com.br/MLB-3074511003-ford-mustang-50-v8-ti-vct-gasolina-black-shadow-selectshift-_JM#position=13&amp;search_layout=grid&amp;type=item&amp;tracking_id=e560eb5e-fd4d-4501-8220-36dcf74c2024"" target=""_blank"" title=""Ford Mustang 5.0 V8 Ti-vct Gasolina Black Shadow Selectshift""><h2 aria-level=""3"
Ford Mustang Mach 1 5.0 V8,499000.00,"https://carro.mercadolivre.com.br/MLB-3419450852-ford-mustang-mach-1-50-v8-20212021-_JM#position=14&amp;search_layout=grid&amp;type=item&amp;tracking_id=e560eb5e-fd4d-4501-8220-36dcf74c2024"" target=""_blank"" title=""Ford Mustang Mach 1 5.0 V8""><h2 aria-level=""3"
Ford Mustang Mach 1 5.0 V8,489900.00,"https://carro.mercadolivre.com.br/MLB-3196968689-ford-mustang-mach-1-50-v8-20212021-_JM#position=15&amp;search_layout=grid&amp;type=item&amp;tracking_id=e560eb5e-fd4d-4501-8220-36dcf74c2024"" target=""_blank"" title=""Ford Mustang Mach 1 5.0 V8""><h2 aria-level=""3"
Ford Mustang 5.0 Gt Premium V8 2p,455900.00,"https://carro.mercadolivre.com.br/MLB-2631597970-ford-mustang-black-shadow-50-gasolina-_JM#position=16&amp;search_layout=grid&amp;type=item&amp;tracking_id=e560eb5e-fd4d-4501-8220-36dcf74c2024"" target=""_blank"" title=""Ford Mustang 5.0 Gt Premium V8 2p""><h2 aria-level=""3"
Ford Mustang 5.0 Gt Black Shadow V8 2p,435000.00,"https://carro.mercadolivre.com.br/MLB-2647428122-ford-mustang-gt-black-shadow-20192020-_JM#position=17&amp;search_layout=grid&amp;type=item&amp;tracking_id=e560eb5e-fd4d-4501-8220-36dcf74c2024"" target=""_blank"" title=""Ford Mustang 5.0 Gt Black Shadow V8 2p""><h2 aria-level=""3"
Ford Mustang 5.0 V8 Ti-vct Gasolina Mach 1 Selectshift,566200.00,"https://carro.mercadolivre.com.br/MLB-3262451953-ford-mustang-50-v8-ti-vct-gasolina-mach-1-selectshift-_JM#position=18&amp;search_layout=grid&amp;type=item&amp;tracking_id=e560eb5e-fd4d-4501-8220-36dcf74c2024"" target=""_blank"" title=""Ford Mustang 5.0 V8 Ti-vct Gasolina Mach 1 Selectshift""><h2 aria-level=""3"
Ford Mustang 5.0 V8 Ti-vct Gasolina Mach 1 Selectshift,549990.00,"https://carro.mercadolivre.com.br/MLB-3342671162-ford-mustang-50-v8-ti-vct-gasolina-mach-1-selectshift-_JM#position=19&amp;search_layout=grid&amp;type=item&amp;tracking_id=e560eb5e-fd4d-4501-8220-36dcf74c2024"" target=""_blank"" title=""Ford Mustang 5.0 V8 Ti-vct Gasolina Mach 1 Selectshift""><h2 aria-level=""3"
Ford Mustang Shelby Gt500 V8,580000.00,"https://carro.mercadolivre.com.br/MLB-3275350332-mustang-shelby-gt500-2012-branco-v8-bts-_JM#position=20&amp;search_layout=grid&amp;type=item&amp;tracking_id=e560eb5e-fd4d-4501-8220-36dcf74c2024"" target=""_blank"" title=""Ford Mustang Shelby Gt500 V8""><h2 aria-level=""3"
Ford Mustang Mustang Mach1 5.0 V8 0km,566300.00,"https://carro.mercadolivre.com.br/MLB-2915980843-ford-mustang-mustang-mach1-50-v8-0km-_JM#position=21&amp;search_layout=grid&amp;type=item&amp;tracking_id=e560eb5e-fd4d-4501-8220-36dcf74c2024"" target=""_blank"" title=""Ford Mustang Mustang Mach1 5.0 V8 0km""><h2 aria-level=""3"
Ford Mustang Mustang Mach 1 5.0 V8,650000.00,"https://carro.mercadolivre.com.br/MLB-3146646144-ford-mustang-mach-e-pronta-entrega-_JM#position=22&amp;search_layout=grid&amp;type=item&amp;tracking_id=e560eb5e-fd4d-4501-8220-36dcf74c2024"" target=""_blank"" title=""Ford Mustang Mustang Mach 1 5.0 V8""><h2 aria-level=""3"
Ford Mustang 3.7 V6 Coupé 309 Cv,205000.00,"https://carro.mercadolivre.com.br/MLB-3448194290-ford-mustang-37-v6-coupe-309-cv-_JM#position=23&amp;search_layout=grid&amp;type=item&amp;tracking_id=e560eb5e-fd4d-4501-8220-36dcf74c2024"" target=""_blank"" title=""Ford Mustang 3.7 V6 Coupé 309 Cv""><h2 aria-level=""3"
Ford Mustang 5.0 V8 Ti-vct Gasolina Mach 1 Selectshift Top De Linha Estado De 0km,549890.00,"https://carro.mercadolivre.com.br/MLB-3264736373-ford-mustang-50-v8-ti-vct-gasolina-mach-1-selectshift-t-_JM#position=24&amp;search_layout=grid&amp;type=item&amp;tracking_id=e560eb5e-fd4d-4501-8220-36dcf74c2024"" target=""_blank"" title=""Ford Mustang 5.0 V8 Ti-vct Gasolina Mach 1 Selectshift Top De Linha Estado De 0km""><h2 aria-level=""3"
Ford Mustang V6,79990.00,"https://carro.mercadolivre.com.br/MLB-2837025507-ford-mustang-v6-_JM#position=25&amp;search_layout=grid&amp;type=item&amp;tracking_id=e560eb5e-fd4d-4501-8220-36dcf74c2024"" target=""_blank"" title=""Ford Mustang V6""><h2 aria-level=""3"
Ford Mustang Mustang Coupé 3.7,220000.00,"https://carro.mercadolivre.com.br/MLB-3262193847-ford-mustang-mustang-coupe-37-_JM#position=26&amp;search_layout=grid&amp;type=item&amp;tracking_id=e560eb5e-fd4d-4501-8220-36dcf74c2024"" target=""_blank"" title=""Ford Mustang Mustang Coupé 3.7""><h2 aria-level=""3"
Ford Mustang Gt Premium Coupé V8,280000.00,"https://carro.mercadolivre.com.br/MLB-3333995544-ford-mustang-gt-premium-coupe-v8-_JM#position=27&amp;search_layout=grid&amp;type=item&amp;tracking_id=e560eb5e-fd4d-4501-8220-36dcf74c2024"" target=""_blank"" title=""Ford Mustang Gt Premium Coupé V8""><h2 aria-level=""3"
Ford Mustang 5.0 V8 Ti-vct Mach 1,548900.00,"https://carro.mercadolivre.com.br/MLB-3311712156-ford-mustang-50-v8-ti-vct-mach-1-_JM#position=28&amp;search_layout=grid&amp;type=item&amp;tracking_id=e560eb5e-fd4d-4501-8220-36dcf74c2024"" target=""_blank"" title=""Ford Mustang 5.0 V8 Ti-vct Mach 1""><h2 aria-level=""3"
Ford Mustang Mustang Black Shadow 5.0 V8,424900.00,"https://carro.mercadolivre.com.br/MLB-3499818642-ford-mustang-mustang-black-shadow-50-v8-_JM#position=29&amp;search_layout=grid&amp;type=item&amp;tracking_id=e560eb5e-fd4d-4501-8220-36dcf74c2024"" target=""_blank"" title=""Ford Mustang Mustang Black Shadow 5.0 V8""><h2 aria-level=""3"
Ford Mustang 5.0 V8 Tivct Gt Premium Selectshift,425000.00,"https://carro.mercadolivre.com.br/MLB-3355552218-ford-mustang-50-v8-tivct-gt-premium-selectshift-2019-_JM#position=30&amp;search_layout=grid&amp;type=item&amp;tracking_id=e560eb5e-fd4d-4501-8220-36dcf74c2024"" target=""_blank"" title=""Ford Mustang 5.0 V8 Tivct Gt Premium Selectshift""><h2 aria-level=""3"
Ford Mustang 5.0 Mach 1 V8 2p,567990.00,"https://carro.mercadolivre.com.br/MLB-3196955986-ford-mustang-50-v8-march-1-2022-0km-_JM#position=31&amp;search_layout=grid&amp;type=item&amp;tracking_id=e560eb5e-fd4d-4501-8220-36dcf74c2024"" target=""_blank"" title=""Ford Mustang 5.0 Mach 1 V8 2p""><h2 aria-level=""3"
Ford Mustang Gt Premium 5.0 V8 - 2018,399900.00,"https://carro.mercadolivre.com.br/MLB-2772997401-ford-mustang-gt-premium-50-_JM#position=32&amp;search_layout=grid&amp;type=item&amp;tracking_id=e560eb5e-fd4d-4501-8220-36dcf74c2024"" target=""_blank"" title=""Ford Mustang Gt Premium 5.0 V8 - 2018""><h2 aria-level=""3"
Ford Mustang 5.0 V8 Ti-vct Gasolina Black Shadow Selectshift,530000.00,"https://carro.mercadolivre.com.br/MLB-3456733426-ford-mustang-50-v8-ti-vct-gasolina-black-shadow-selectshift-_JM#position=33&amp;search_layout=grid&amp;type=item&amp;tracking_id=e560eb5e-fd4d-4501-8220-36dcf74c2024"" target=""_blank"" title=""Ford Mustang 5.0 V8 Ti-vct Gasolina Black Shadow Selectshift""><h2 aria-level=""3"
Ford Mustang 5.0 V8 Ti-vct Gasolina Gt Premium Selectshift,395000.00,"https://carro.mercadolivre.com.br/MLB-3371805688-ford-mustang-50-v8-ti-vct-gasolina-gt-premium-selectshift-_JM#position=34&amp;search_layout=grid&amp;type=item&amp;tracking_id=e560eb5e-fd4d-4501-8220-36dcf74c2024"" target=""_blank"" title=""Ford Mustang 5.0 V8 Ti-vct Gasolina Gt Premium Selectshift""><h2 aria-level=""3"
Ford Mustang 5.0 V8 Ti-vct Gasolina Gt Premium Selectshift,385000.00,"https://carro.mercadolivre.com.br/MLB-3252569444-ford-mustang-50-v8-ti-vct-gasolina-gt-premium-selectshift-_JM#position=35&amp;search_layout=grid&amp;type=item&amp;tracking_id=e560eb5e-fd4d-4501-8220-36dcf74c2024"" target=""_blank"" title=""Ford Mustang 5.0 V8 Ti-vct Gasolina Gt Premium Selectshift""><h2 aria-level=""3"
Ford Mustang 5.0 V8 Ti-vct Gasolina Gt Premium Selectshift,449990.00,"https://carro.mercadolivre.com.br/MLB-3201560066-ford-mustang-50-v8-ti-vct-gasolina-gt-premium-selectshift-_JM#position=36&amp;search_layout=grid&amp;type=item&amp;tracking_id=e560eb5e-fd4d-4501-8220-36dcf74c2024"" target=""_blank"" title=""Ford Mustang 5.0 V8 Ti-vct Gasolina Gt Premium Selectshift""><h2 aria-level=""3"
Ford Mustang 5.0 Gt Premium V8 2p,369800.00,"https://carro.mercadolivre.com.br/MLB-3154833148-ford-mustang-50-v8-gt-premium-selectshift-25000km-2018-_JM#position=37&amp;search_layout=grid&amp;type=item&amp;tracking_id=e560eb5e-fd4d-4501-8220-36dcf74c2024"" target=""_blank"" title=""Ford Mustang 5.0 Gt Premium V8 2p""><h2 aria-level=""3"
Ford Mustang 5.0 V8 Ti-vct Gasolina Mach 1 Selectshift,496000.00,"https://carro.mercadolivre.com.br/MLB-3317635138-ford-mustang-50-v8-ti-vct-gasolina-mach-1-selectshift-_JM#position=38&amp;search_layout=grid&amp;type=item&amp;tracking_id=e560eb5e-fd4d-4501-8220-36dcf74c2024"" target=""_blank"" title=""Ford Mustang 5.0 V8 Ti-vct Gasolina Mach 1 Selectshift""><h2 aria-level=""3"
Ford Mustang 5.0 Gt Black Shadow V8 2p,399800.00,"https://carro.mercadolivre.com.br/MLB-3112370339-ford-mustang-50-v8-ti-vct-black-shadow-47000km-2020-_JM#position=39&amp;search_layout=grid&amp;type=item&amp;tracking_id=e560eb5e-fd4d-4501-8220-36dcf74c2024"" target=""_blank"" title=""Ford Mustang 5.0 Gt Black Shadow V8 2p""><h2 aria-level=""3"
Ford Mustang 5.0 V8 Ti-vct Gt Premium Selectshift,382990.00,"https://carro.mercadolivre.com.br/MLB-3288423755-ford-mustang-50-v8-ti-vct-gt-premium-selectshift-2018-_JM#position=40&amp;search_layout=grid&amp;type=item&amp;tracking_id=e560eb5e-fd4d-4501-8220-36dcf74c2024"" target=""_blank"" title=""Ford Mustang 5.0 V8 Ti-vct Gt Premium Selectshift""><h2 aria-level=""3"
Ford Mustang Gt,430000.00,"https://carro.mercadolivre.com.br/MLB-3265052165-ford-mustang-gt-2019-_JM#position=41&amp;search_layout=grid&amp;type=item&amp;tracking_id=e560eb5e-fd4d-4501-8220-36dcf74c2024"" target=""_blank"" title=""Ford Mustang Gt""><h2 aria-level=""3"
Ford Mustang 5.0 V8 Ti-vct Gasolina Gt Premium Selectshift,414890.00,"https://carro.mercadolivre.com.br/MLB-3206214399-ford-mustang-50-v8-ti-vct-gasolina-gt-premium-selectshift-_JM#position=42&amp;search_layout=grid&amp;type=item&amp;tracking_id=e560eb5e-fd4d-4501-8220-36dcf74c2024"" target=""_blank"" title=""Ford Mustang 5.0 V8 Ti-vct Gasolina Gt Premium Selectshift""><h2 aria-level=""3"
Ford Mustang Gt,378000.00,"https://carro.mercadolivre.com.br/MLB-3157813267-ford-mustang-gt-2018-_JM#position=43&amp;search_layout=grid&amp;type=item&amp;tracking_id=e560eb5e-fd4d-4501-8220-36dcf74c2024"" target=""_blank"" title=""Ford Mustang Gt""><h2 aria-level=""3"
Ford Mustang 5.0 Gt Premium V8 2p,384800.00,"https://carro.mercadolivre.com.br/MLB-3150420993-ford-mustang-50-v8-gt-premium-selectshift-11000km-2018-_JM#position=44&amp;search_layout=grid&amp;type=item&amp;tracking_id=e560eb5e-fd4d-4501-8220-36dcf74c2024"" target=""_blank"" title=""Ford Mustang 5.0 Gt Premium V8 2p""><h2 aria-level=""3"
Ford Mustang 5.0 V8 Ti-vct Gt Premium Selectshift,355500.00,"https://carro.mercadolivre.com.br/MLB-2940502779-mustang-gt-premium-50-v8-_JM#position=45&amp;search_layout=grid&amp;type=item&amp;tracking_id=e560eb5e-fd4d-4501-8220-36dcf74c2024"" target=""_blank"" title=""Ford Mustang 5.0 V8 Ti-vct Gt Premium Selectshift""><h2 aria-level=""3"
Ford Mustang Mach 1 5.0 V8 Mustang Mach 1 5.0 V8,527900.00,"https://carro.mercadolivre.com.br/MLB-3292091665-ford-mustang-mach-1-50-v8-2021-_JM#position=46&amp;search_layout=grid&amp;type=item&amp;tracking_id=e560eb5e-fd4d-4501-8220-36dcf74c2024"" target=""_blank"" title=""Ford Mustang Mach 1 5.0 V8 Mustang Mach 1 5.0 V8""><h2 aria-level=""3"
Ford Mustang Gt,384999.00,"https://carro.mercadolivre.com.br/MLB-3026105860-ford-mustang-gt-_JM#position=47&amp;search_layout=grid&amp;type=item&amp;tracking_id=e560eb5e-fd4d-4501-8220-36dcf74c2024"" target=""_blank"" title=""Ford Mustang Gt""><h2 aria-level=""3"
Ford Mustang Gt Mustang Gt,449000.00,"https://carro.mercadolivre.com.br/MLB-3291932845-ford-mustang-gt-2020-_JM#position=48&amp;search_layout=grid&amp;type=item&amp;tracking_id=e560eb5e-fd4d-4501-8220-36dcf74c2024"" target=""_blank"" title=""Ford Mustang Gt Mustang Gt""><h2 aria-level=""3"
Ford Mustang 5.0 Gt Black Shadow V8 2p,439800.00,"https://carro.mercadolivre.com.br/MLB-3055635187-ford-mustang-50-v8-ti-vct-black-shadow-12000km-2020-_JM#position=1&amp;search_layout=grid&amp;type=item&amp;tracking_id=cd1f2c44-abdf-4afb-b80a-a419ebf8ae5d"" target=""_blank"" title=""Ford Mustang 5.0 Gt Black Shadow V8 2p""><h2 aria-level=""3"
Ford Mustang 5.0 V8 Ti-vct Gasolina Mach 1 Selectshift,519000.00,"https://carro.mercadolivre.com.br/MLB-3179334802-ford-mustang-50-v8-ti-vct-gasolina-mach-1-selectshift-_JM#position=2&amp;search_layout=grid&amp;type=item&amp;tracking_id=cd1f2c44-abdf-4afb-b80a-a419ebf8ae5d"" target=""_blank"" title=""Ford Mustang 5.0 V8 Ti-vct Gasolina Mach 1 Selectshift""><h2 aria-level=""3"
Ford Mustang 5.0 V8 Ti-cvt Gasolina Black Shadow Selectshift,439890.00,"https://carro.mercadolivre.com.br/MLB-2971687931-ford-mustang-50-v8-black-shadow-2020-_JM#position=3&amp;search_layout=grid&amp;type=item&amp;tracking_id=cd1f2c44-abdf-4afb-b80a-a419ebf8ae5d"" target=""_blank"" title=""Ford Mustang 5.0 V8 Ti-cvt Gasolina Black Shadow Selectshift""><h2 aria-level=""3"
Ford Mustang Mustang Gt Premium 5.0,379990.00,"https://carro.mercadolivre.com.br/MLB-3229159828-ford-mustang-mustang-gt-premium-50-_JM#position=4&amp;search_layout=grid&amp;type=item&amp;tracking_id=cd1f2c44-abdf-4afb-b80a-a419ebf8ae5d"" target=""_blank"" title=""Ford Mustang Mustang Gt Premium 5.0""><h2 aria-level=""3"
Ford Mustang Mustang 5.0 Match 1,479990.00,"https://carro.mercadolivre.com.br/MLB-3171393168-ford-mustang-mustang-50-match-1-_JM#position=5&amp;search_layout=grid&amp;type=item&amp;tracking_id=cd1f2c44-abdf-4afb-b80a-a419ebf8ae5d"" target=""_blank"" title=""Ford Mustang Mustang 5.0 Match 1""><h2 aria-level=""3"
Ford Mustang Mustang Gt Premium 5.0 V8,395900.00,"https://carro.mercadolivre.com.br/MLB-3144345167-ford-mustang-2018-gasolina-_JM#position=6&amp;search_layout=grid&amp;type=item&amp;tracking_id=cd1f2c44-abdf-4afb-b80a-a419ebf8ae5d"" target=""_blank"" title=""Ford Mustang Mustang Gt Premium 5.0 V8""><h2 aria-level=""3"
Ford Mustang Mustang 5.0 Mach 1,519990.00,"https://carro.mercadolivre.com.br/MLB-2800736330-ford-mustang-mustang-50-mach-1-_JM#position=7&amp;search_layout=grid&amp;type=item&amp;tracking_id=cd1f2c44-abdf-4afb-b80a-a419ebf8ae5d"" target=""_blank"" title=""Ford Mustang Mustang 5.0 Mach 1""><h2 aria-level=""3"
Ford Mustang Mach1,588800.00,"https://carro.mercadolivre.com.br/MLB-2746541288-ford-mustang-mach-1-2021-_JM#position=8&amp;search_layout=grid&amp;type=item&amp;tracking_id=cd1f2c44-abdf-4afb-b80a-a419ebf8ae5d"" target=""_blank"" title=""Ford Mustang Mach1""><h2 aria-level=""3"
Ford Mustang 5.0 Gt Premium V8 2p,403900.00,"https://carro.mercadolivre.com.br/MLB-3285513885-ford-mustang-2019-50-gt-premium-v8-2p-_JM#position=9&amp;search_layout=grid&amp;type=item&amp;tracking_id=cd1f2c44-abdf-4afb-b80a-a419ebf8ae5d"" target=""_blank"" title=""Ford Mustang 5.0 Gt Premium V8 2p""><h2 aria-level=""3"
Ford Mustang 5.0 Gt Black Shadow V8 2p,439900.00,"https://carro.mercadolivre.com.br/MLB-3397840816-ford-mustang-2020-50-gt-black-shadow-v8-2p-_JM#position=10&amp;search_layout=grid&amp;type=item&amp;tracking_id=cd1f2c44-abdf-4afb-b80a-a419ebf8ae5d"" target=""_blank"" title=""Ford Mustang 5.0 Gt Black Shadow V8 2p""><h2 aria-level=""3"
Ford Mustang Shelby Gt500,1550000.00,"https://carro.mercadolivre.com.br/MLB-3499283832-ford-shelby-gt500-2021-_JM#position=11&amp;search_layout=grid&amp;type=item&amp;tracking_id=cd1f2c44-abdf-4afb-b80a-a419ebf8ae5d"" target=""_blank"" title=""Ford Mustang Shelby Gt500""><h2 aria-level=""3"
Ford Mustang 3.7 Coupé V6 24v Gasolina 2p Automatico,299000.00,"https://carro.mercadolivre.com.br/MLB-3292005927-ford-mustang-37-coupe-v6-24v-gasolina-2p-automatico-_JM#position=12&amp;search_layout=grid&amp;type=item&amp;tracking_id=cd1f2c44-abdf-4afb-b80a-a419ebf8ae5d"" target=""_blank"" title=""Ford Mustang 3.7 Coupé V6 24v Gasolina 2p Automatico""><h2 aria-level=""3"
Ford Mustang Gt 5.0,429990.00,"https://carro.mercadolivre.com.br/MLB-3291825451-ford-mustang-gt-50-_JM#position=13&amp;search_layout=grid&amp;type=item&amp;tracking_id=cd1f2c44-abdf-4afb-b80a-a419ebf8ae5d"" target=""_blank"" title=""Ford Mustang Gt 5.0""><h2 aria-level=""3"
Ford Mustang 5.0 Gt Premium V8 2p,398999.00,"https://carro.mercadolivre.com.br/MLB-3372102812-ford-mustang-gt-50-20182018-_JM#position=14&amp;search_layout=grid&amp;type=item&amp;tracking_id=cd1f2c44-abdf-4afb-b80a-a419ebf8ae5d"" target=""_blank"" title=""Ford Mustang 5.0 Gt Premium V8 2p""><h2 aria-level=""3"
Ford Mustang Gt 5.0,399990.00,"https://carro.mercadolivre.com.br/MLB-3207908998-ford-mustang-gt-50-_JM#position=15&amp;search_layout=grid&amp;type=item&amp;tracking_id=cd1f2c44-abdf-4afb-b80a-a419ebf8ae5d"" target=""_blank"" title=""Ford Mustang Gt 5.0""><h2 aria-level=""3"
Ford Mustang Mach 1 5.0,539990.00,"https://carro.mercadolivre.com.br/MLB-3188582336-ford-mustang-mach-1-50-_JM#position=16&amp;search_layout=grid&amp;type=item&amp;tracking_id=cd1f2c44-abdf-4afb-b80a-a419ebf8ae5d"" target=""_blank"" title=""Ford Mustang Mach 1 5.0""><h2 aria-level=""3"
Ford Mustang Black Shadow 5.0 V8,525000.00,"https://carro.mercadolivre.com.br/MLB-3159159296-ford-mustang-black-shadow-2020-_JM#position=17&amp;search_layout=grid&amp;type=item&amp;tracking_id=cd1f2c44-abdf-4afb-b80a-a419ebf8ae5d"" target=""_blank"" title=""Ford Mustang Black Shadow 5.0 V8""><h2 aria-level=""3"
Ford Mustang Gt 5.0,386990.00,"https://carro.mercadolivre.com.br/MLB-3156210048-ford-mustang-gt-50-_JM#position=18&amp;search_layout=grid&amp;type=item&amp;tracking_id=cd1f2c44-abdf-4afb-b80a-a419ebf8ae5d"" target=""_blank"" title=""Ford Mustang Gt 5.0""><h2 aria-level=""3"
Ford Mustang Ford Mustang Gt Black Shadow,455000.00,"https://carro.mercadolivre.com.br/MLB-3056895097-ford-mustang-gt-black-shadow-_JM#position=19&amp;search_layout=grid&amp;type=item&amp;tracking_id=cd1f2c44-abdf-4afb-b80a-a419ebf8ae5d"" target=""_blank"" title=""Ford Mustang Ford Mustang Gt Black Shadow""><h2 aria-level=""3"
Ford Expedition Platinum Max,999990.00,"https://carro.mercadolivre.com.br/MLB-3033927426-ford-expedition-platinum-max-_JM#position=20&amp;search_layout=grid&amp;type=item&amp;tracking_id=cd1f2c44-abdf-4afb-b80a-a419ebf8ae5d"" target=""_blank"" title=""Ford Expedition Platinum Max""><h2 aria-level=""3"
Ford Mustang Gt 5.0,399990.00,"https://carro.mercadolivre.com.br/MLB-2987727981-ford-mustang-gt-50-_JM#position=21&amp;search_layout=grid&amp;type=item&amp;tracking_id=cd1f2c44-abdf-4afb-b80a-a419ebf8ae5d"" target=""_blank"" title=""Ford Mustang Gt 5.0""><h2 aria-level=""3"
Ford Mustang Gt 5.0,399990.00,"https://carro.mercadolivre.com.br/MLB-2987021617-ford-mustang-gt-50-_JM#position=22&amp;search_layout=grid&amp;type=item&amp;tracking_id=cd1f2c44-abdf-4afb-b80a-a419ebf8ae5d"" target=""_blank"" title=""Ford Mustang Gt 5.0""><h2 aria-level=""3"
Ford Mustang 5.0 V8 Ti-vct Gasolina Gt Premium Selectshift,649900.00,"https://carro.mercadolivre.com.br/MLB-2888513222-ford-mustang-50-v8-ti-vct-gasolina-gt-premium-selectshift-_JM#position=23&amp;search_layout=grid&amp;type=item&amp;tracking_id=cd1f2c44-abdf-4afb-b80a-a419ebf8ae5d"" target=""_blank"" title=""Ford Mustang 5.0 V8 Ti-vct Gasolina Gt Premium Selectshift""><h2 aria-level=""3"
Ford Mustang 5.0 V8 Ti-vct Gasolina Gt Premium,389900.00,"https://carro.mercadolivre.com.br/MLB-2813535999-ford-mustang-50-v8-ti-vct-gasolina-gt-premium-20182019-_JM#position=24&amp;search_layout=grid&amp;type=item&amp;tracking_id=cd1f2c44-abdf-4afb-b80a-a419ebf8ae5d"" target=""_blank"" title=""Ford Mustang 5.0 V8 Ti-vct Gasolina Gt Premium""><h2 aria-level=""3"
Ford Mustang Black Shadow 5.0 V8 Automático,430990.00,"https://carro.mercadolivre.com.br/MLB-3285337799-mustang-black-shadow-50-v8-automatico-_JM#position=25&amp;search_layout=grid&amp;type=item&amp;tracking_id=cd1f2c44-abdf-4afb-b80a-a419ebf8ae5d"" target=""_blank"" title=""Ford Mustang Black Shadow 5.0 V8 Automático""><h2 aria-level=""3"
Ford Mustang 5.0 Gt Premium V8 2p,419900.00,"https://carro.mercadolivre.com.br/MLB-3400047084-mustang-50-v8-ti-vct-gasolina-gt-premium-selectshift-2019-_JM#position=26&amp;search_layout=grid&amp;type=item&amp;tracking_id=cd1f2c44-abdf-4afb-b80a-a419ebf8ae5d"" target=""_blank"" title=""Ford Mustang 5.0 Gt Premium V8 2p""><h2 aria-level=""3"
Ford Mustang Ford Mustang 5.0 V8,389990.00,"https://carro.mercadolivre.com.br/MLB-3065567938-ford-mustang-50-v8-_JM#position=27&amp;search_layout=grid&amp;type=item&amp;tracking_id=cd1f2c44-abdf-4afb-b80a-a419ebf8ae5d"" target=""_blank"" title=""Ford Mustang Ford Mustang 5.0 V8""><h2 aria-level=""3"
"Ford Mustang Gt 5.,0 V8",429000.00,"https://carro.mercadolivre.com.br/MLB-3291934441-ford-mustang-gt-50-v8-_JM#position=28&amp;search_layout=grid&amp;type=item&amp;tracking_id=cd1f2c44-abdf-4afb-b80a-a419ebf8ae5d"" target=""_blank"" title=""Ford Mustang Gt 5.,0 V8""><h2 aria-level=""3"
Ford Mustang 5.0 Gt Premium V8 2p,429900.00,"https://carro.mercadolivre.com.br/MLB-3250342235-ford-mustang-gt-_JM#position=29&amp;search_layout=grid&amp;type=item&amp;tracking_id=cd1f2c44-abdf-4afb-b80a-a419ebf8ae5d"" target=""_blank"" title=""Ford Mustang 5.0 Gt Premium V8 2p""><h2 aria-level=""3"
Ford Mustang 5.0 Gt Conversível V8,250000.00,"https://carro.mercadolivre.com.br/MLB-3474005460-ford-mustang-50-gt-conversivel-v8-_JM#position=30&amp;search_layout=grid&amp;type=item&amp;tracking_id=cd1f2c44-abdf-4afb-b80a-a419ebf8ae5d"" target=""_blank"" title=""Ford Mustang 5.0 Gt Conversível V8""><h2 aria-level=""3"
Ford Mustang 5.0 Gt Premium V8 2p,349990.00,"https://carro.mercadolivre.com.br/MLB-3427474962-mustang-gt-50-1818-_JM#position=31&amp;search_layout=grid&amp;type=item&amp;tracking_id=cd1f2c44-abdf-4afb-b80a-a419ebf8ae5d"" target=""_blank"" title=""Ford Mustang 5.0 Gt Premium V8 2p""><h2 aria-level=""3"
Ford Mustang 5.0 Gt Black Shadow V8 2p,439900.00,"https://carro.mercadolivre.com.br/MLB-3172759534-ford-mustang-2020-50-gt-black-shadow-v8-2p-_JM#position=32&amp;search_layout=grid&amp;type=item&amp;tracking_id=cd1f2c44-abdf-4afb-b80a-a419ebf8ae5d"" target=""_blank"" title=""Ford Mustang 5.0 Gt Black Shadow V8 2p""><h2 aria-level=""3"
Ford Mustang 5.0 Gt,399900.00,"https://carro.mercadolivre.com.br/MLB-3149235620-ford-mustang-50-gt-_JM#position=33&amp;search_layout=grid&amp;type=item&amp;tracking_id=cd1f2c44-abdf-4afb-b80a-a419ebf8ae5d"" target=""_blank"" title=""Ford Mustang 5.0 Gt""><h2 aria-level=""3"
Ford Mustang Mustang Gt V8 5.0 Black Shadow,449900.00,"https://carro.mercadolivre.com.br/MLB-3208388919-mustang-gt-v8-50-black-shadow-_JM#position=34&amp;search_layout=grid&amp;type=item&amp;tracking_id=cd1f2c44-abdf-4afb-b80a-a419ebf8ae5d"" target=""_blank"" title=""Ford Mustang Mustang Gt V8 5.0 Black Shadow""><h2 aria-level=""3"
Ford Mustang Gt 5.0,429990.00,"https://carro.mercadolivre.com.br/MLB-2763570054-ford-mustang-gt-50-_JM#position=35&amp;search_layout=grid&amp;type=item&amp;tracking_id=cd1f2c44-abdf-4afb-b80a-a419ebf8ae5d"" target=""_blank"" title=""Ford Mustang Gt 5.0""><h2 aria-level=""3"
Ford Mustang 5.0 Gt Black Shadow V8 2p,439990.00,"https://carro.mercadolivre.com.br/MLB-3488779800-ford-mustang-gt-black-shadow-50-v8-2020-_JM#position=36&amp;search_layout=grid&amp;type=item&amp;tracking_id=cd1f2c44-abdf-4afb-b80a-a419ebf8ae5d"" target=""_blank"" title=""Ford Mustang 5.0 Gt Black Shadow V8 2p""><h2 aria-level=""3"
Ford Mustang 5.0 V8 Ti-vct Gasolina Mach 1 Selectshift,524900.00,"https://carro.mercadolivre.com.br/MLB-3461863462-ford-mustang-50-v8-ti-vct-gasolina-mach-1-selectshift-_JM#position=37&amp;search_layout=grid&amp;type=item&amp;tracking_id=cd1f2c44-abdf-4afb-b80a-a419ebf8ae5d"" target=""_blank"" title=""Ford Mustang 5.0 V8 Ti-vct Gasolina Mach 1 Selectshift""><h2 aria-level=""3"
Ford Mustang 4.6 Gt Conversível V8 24v 2p Automático,270900.00,"https://carro.mercadolivre.com.br/MLB-3406771612-ford-mustang-46-gt-conversivel-v8-24v-2p-automatico-_JM#position=38&amp;search_layout=grid&amp;type=item&amp;tracking_id=cd1f2c44-abdf-4afb-b80a-a419ebf8ae5d"" target=""_blank"" title=""Ford Mustang 4.6 Gt Conversível V8 24v 2p Automático""><h2 aria-level=""3"
Ford Mustang 3.7 V6 Gasolina Manual,229900.00,"https://carro.mercadolivre.com.br/MLB-3390814802-ford-mustang-37-v6-gasolina-manual-_JM#position=39&amp;search_layout=grid&amp;type=item&amp;tracking_id=cd1f2c44-abdf-4afb-b80a-a419ebf8ae5d"" target=""_blank"" title=""Ford Mustang 3.7 V6 Gasolina Manual""><h2 aria-level=""3"
Ford Mustang 5.0 Mach 1 V8 2p,489000.00,"https://carro.mercadolivre.com.br/MLB-3251608001-ford-mustang-mach-1-20212021-_JM#position=40&amp;search_layout=grid&amp;type=item&amp;tracking_id=cd1f2c44-abdf-4afb-b80a-a419ebf8ae5d"" target=""_blank"" title=""Ford Mustang 5.0 Mach 1 V8 2p""><h2 aria-level=""3"
Ford Mustang Gt 5.0,429990.00,"https://carro.mercadolivre.com.br/MLB-3291825455-ford-mustang-gt-50-_JM#position=41&amp;search_layout=grid&amp;type=item&amp;tracking_id=cd1f2c44-abdf-4afb-b80a-a419ebf8ae5d"" target=""_blank"" title=""Ford Mustang Gt 5.0""><h2 aria-level=""3"
Ford Mustang Gt 5.0,429990.00,"https://carro.mercadolivre.com.br/MLB-3493813928-ford-mustang-gt-50-_JM#position=42&amp;search_layout=grid&amp;type=item&amp;tracking_id=cd1f2c44-abdf-4afb-b80a-a419ebf8ae5d"" target=""_blank"" title=""Ford Mustang Gt 5.0""><h2 aria-level=""3"
Ford Mustang Gt Premium 5.0 V8,399000.00,"https://carro.mercadolivre.com.br/MLB-3285050961-ford-mustang-gt-premium-50-v8-_JM#position=43&amp;search_layout=grid&amp;type=item&amp;tracking_id=cd1f2c44-abdf-4afb-b80a-a419ebf8ae5d"" target=""_blank"" title=""Ford Mustang Gt Premium 5.0 V8""><h2 aria-level=""3"
Ford Mustang Coupe 3.7 V6 2p,189900.00,"https://carro.mercadolivre.com.br/MLB-3441198110-ford-mustang-coupe-37-v6-2p-2012-_JM#position=44&amp;search_layout=grid&amp;type=item&amp;tracking_id=cd1f2c44-abdf-4afb-b80a-a419ebf8ae5d"" target=""_blank"" title=""Ford Mustang Coupe 3.7 V6 2p""><h2 aria-level=""3"
Ford Mustang Gt Premium 5.0 V8 At,358800.00,"https://carro.mercadolivre.com.br/MLB-3275898469-ford-mustang-gt-premium-50-v8-at-_JM#position=45&amp;search_layout=grid&amp;type=item&amp;tracking_id=cd1f2c44-abdf-4afb-b80a-a419ebf8ae5d"" target=""_blank"" title=""Ford Mustang Gt Premium 5.0 V8 At""><h2 aria-level=""3"
Ford Mustang Mach 1 5.0 V8,499890.00,"https://carro.mercadolivre.com.br/MLB-3263406373-ford-mustang-mach-1-50-v8-2021-_JM#position=46&amp;search_layout=grid&amp;type=item&amp;tracking_id=cd1f2c44-abdf-4afb-b80a-a419ebf8ae5d"" target=""_blank"" title=""Ford Mustang Mach 1 5.0 V8""><h2 aria-level=""3"
Ford Mustang Gt Premium 5.0 V8 (aut),389900.00,"https://carro.mercadolivre.com.br/MLB-3255844213-ford-mustang-gt-premium-50-v8-aut-_JM#position=47&amp;search_layout=grid&amp;type=item&amp;tracking_id=cd1f2c44-abdf-4afb-b80a-a419ebf8ae5d"" target=""_blank"" title=""Ford Mustang Gt Premium 5.0 V8 (aut)""><h2 aria-level=""3"
Ford Mustang 5.0 V8 Ti-vct Gasolina Mach 1 Selectshift,566900.00,"https://carro.mercadolivre.com.br/MLB-3223172881-ford-mustang-50-v8-ti-vct-gasolina-mach-1-selectshift-_JM#position=48&amp;search_layout=grid&amp;type=item&amp;tracking_id=cd1f2c44-abdf-4afb-b80a-a419ebf8ae5d"" target=""_blank"" title=""Ford Mustang 5.0 V8 Ti-vct Gasolina Mach 1 Selectshift""><h2 aria-level=""3"
Ford Mustang Mustang Mach 1 5.0 V8,529990.00,"https://carro.mercadolivre.com.br/MLB-3196050175-ford-mustang-mach-1-50-v8-azul-2021-_JM#position=1&amp;search_layout=grid&amp;type=item&amp;tracking_id=0988b52c-fe6e-4d0e-a523-00740a8a77b6"" target=""_blank"" title=""Ford Mustang Mustang Mach 1 5.0 V8""><h2 aria-level=""3"
Ford Mustang Mach 1 5.0,539990.00,"https://carro.mercadolivre.com.br/MLB-3188612448-ford-mustang-mach-1-50-_JM#position=2&amp;search_layout=grid&amp;type=item&amp;tracking_id=0988b52c-fe6e-4d0e-a523-00740a8a77b6"" target=""_blank"" title=""Ford Mustang Mach 1 5.0""><h2 aria-level=""3"
Ford Mustang Gt 5.0,386990.00,"https://carro.mercadolivre.com.br/MLB-3156190706-ford-mustang-gt-50-_JM#position=3&amp;search_layout=grid&amp;type=item&amp;tracking_id=0988b52c-fe6e-4d0e-a523-00740a8a77b6"" target=""_blank"" title=""Ford Mustang Gt 5.0""><h2 aria-level=""3"
Ford Mustang Mustang Mach 1 5.0 V8,599900.00,"https://carro.mercadolivre.com.br/MLB-3130393921-ford-mustang-mach-1-50-v8-cinza-2022-_JM#position=4&amp;search_layout=grid&amp;type=item&amp;tracking_id=0988b52c-fe6e-4d0e-a523-00740a8a77b6"" target=""_blank"" title=""Ford Mustang Mustang Mach 1 5.0 V8""><h2 aria-level=""3"
Ford Expedition Platinum Max,999990.00,"https://carro.mercadolivre.com.br/MLB-3034650272-ford-expedition-platinum-max-_JM#position=5&amp;search_layout=grid&amp;type=item&amp;tracking_id=0988b52c-fe6e-4d0e-a523-00740a8a77b6"" target=""_blank"" title=""Ford Expedition Platinum Max""><h2 aria-level=""3"
Ford Mustang Gt 5.0,399990.00,"https://carro.mercadolivre.com.br/MLB-3034707340-ford-mustang-gt-50-_JM#position=6&amp;search_layout=grid&amp;type=item&amp;tracking_id=0988b52c-fe6e-4d0e-a523-00740a8a77b6"" target=""_blank"" title=""Ford Mustang Gt 5.0""><h2 aria-level=""3"
Ford Mustang Gt 5.0,399990.00,"https://carro.mercadolivre.com.br/MLB-3034730057-ford-mustang-gt-50-_JM#position=7&amp;search_layout=grid&amp;type=item&amp;tracking_id=0988b52c-fe6e-4d0e-a523-00740a8a77b6"" target=""_blank"" title=""Ford Mustang Gt 5.0""><h2 aria-level=""3"
Ford Mustang 5.0 V8 Ti-cvt Gasolina Black Shadow Selectshift,409990.00,"https://carro.mercadolivre.com.br/MLB-2861257465-ford-mustang-50-v8-ti-cvt-gasolina-black-shadow-selectshift-_JM#position=8&amp;search_layout=grid&amp;type=item&amp;tracking_id=0988b52c-fe6e-4d0e-a523-00740a8a77b6"" target=""_blank"" title=""Ford Mustang 5.0 V8 Ti-cvt Gasolina Black Shadow Selectshift""><h2 aria-level=""3"
Ford Mustang Mustang March 1 5.0 V8,550000.00,"https://carro.mercadolivre.com.br/MLB-2853958591-ford-mustang-march-1-50-v8-vermelho-2022-_JM#position=9&amp;search_layout=grid&amp;type=item&amp;tracking_id=0988b52c-fe6e-4d0e-a523-00740a8a77b6"" target=""_blank"" title=""Ford Mustang Mustang March 1 5.0 V8""><h2 aria-level=""3"
Ford Mustang 5.0 Gt Black Shadow V8 2p,439990.00,"https://carro.mercadolivre.com.br/MLB-3249386821-mustang-black-shadow-50-v8-_JM#position=10&amp;search_layout=grid&amp;type=item&amp;tracking_id=0988b52c-fe6e-4d0e-a523-00740a8a77b6"" target=""_blank"" title=""Ford Mustang 5.0 Gt Black Shadow V8 2p""><h2 aria-level=""3"
Ford Mustang 5.0 V8 Ti-vct Gasolina Gt Premium Selectshift,398900.00,"https://carro.mercadolivre.com.br/MLB-3274732986-ford-mustang-50-v8-ti-vct-gasolina-gt-premium-selectshift-_JM#position=11&amp;search_layout=grid&amp;type=item&amp;tracking_id=0988b52c-fe6e-4d0e-a523-00740a8a77b6"" target=""_blank"" title=""Ford Mustang 5.0 V8 Ti-vct Gasolina Gt Premium Selectshift""><h2 aria-level=""3"
Ford Mustang 5.0 Gt Premium V8 2p,399900.00,"https://carro.mercadolivre.com.br/MLB-3124369846-ford-mustang-gt-premium-50-v8-2018-2900-km-_JM#position=12&amp;search_layout=grid&amp;type=item&amp;tracking_id=0988b52c-fe6e-4d0e-a523-00740a8a77b6"" target=""_blank"" title=""Ford Mustang 5.0 Gt Premium V8 2p""><h2 aria-level=""3"
Ford Mustang 3.7 V6 Gasolina Automático,209000.00,"https://carro.mercadolivre.com.br/MLB-3257355758-ford-mustang-37-v6-gasolina-automatico-_JM#position=13&amp;search_layout=grid&amp;type=item&amp;tracking_id=0988b52c-fe6e-4d0e-a523-00740a8a77b6"" target=""_blank"" title=""Ford Mustang 3.7 V6 Gasolina Automático""><h2 aria-level=""3"
Ford Mustang Gt Premium 5.0 V8,349990.00,"https://carro.mercadolivre.com.br/MLB-3222732406-ford-mustang-gt-premium-50-v8-2011-_JM#position=14&amp;search_layout=grid&amp;type=item&amp;tracking_id=0988b52c-fe6e-4d0e-a523-00740a8a77b6"" target=""_blank"" title=""Ford Mustang Gt Premium 5.0 V8""><h2 aria-level=""3"
Ford Mustang Mach 1 5.0 V8,555900.00,"https://carro.mercadolivre.com.br/MLB-2103723451-ford-mustang-mach-1-50-v8-_JM#position=15&amp;search_layout=grid&amp;type=item&amp;tracking_id=0988b52c-fe6e-4d0e-a523-00740a8a77b6"" target=""_blank"" title=""Ford Mustang Mach 1 5.0 V8""><h2 aria-level=""3"
Ford Mustang Mustang Gt Premium 5.0 V8,440000.00,"https://carro.mercadolivre.com.br/MLB-2707694650-ford-mustang-mustang-gt-premium-50-v8-gasolina-automatico-_JM#position=16&amp;search_layout=grid&amp;type=item&amp;tracking_id=0988b52c-fe6e-4d0e-a523-00740a8a77b6"" target=""_blank"" title=""Ford Mustang Mustang Gt Premium 5.0 V8""><h2 aria-level=""3"
Ford Mustang Mach-e 70 Kw Premium E-awd Elétrico,710000.00,"https://carro.mercadolivre.com.br/MLB-3282703141-ford-mustang-mach-e-_JM#position=17&amp;search_layout=grid&amp;type=item&amp;tracking_id=0988b52c-fe6e-4d0e-a523-00740a8a77b6"" target=""_blank"" title=""Ford Mustang Mach-e 70 Kw Premium E-awd Elétrico""><h2 aria-level=""3"
Ford Mustang 70 Kw Premium E-awd Elétrico,620000.00,"https://carro.mercadolivre.com.br/MLB-3446554454-ford-mustang-mach-e-_JM#position=18&amp;search_layout=grid&amp;type=item&amp;tracking_id=0988b52c-fe6e-4d0e-a523-00740a8a77b6"" target=""_blank"" title=""Ford Mustang 70 Kw Premium E-awd Elétrico""><h2 aria-level=""3"
Ford Mustang Mustang Mach 1 5.0 V8,549000.00,"https://carro.mercadolivre.com.br/MLB-3316253522-ford-mustang-mustang-mach-1-50-v8-gasolina-e-eletrico-auto-_JM#position=19&amp;search_layout=grid&amp;type=item&amp;tracking_id=0988b52c-fe6e-4d0e-a523-00740a8a77b6"" target=""_blank"" title=""Ford Mustang Mustang Mach 1 5.0 V8""><h2 aria-level=""3"
Ford Mustang 5.0 V8 Ti-vct Gasolina Mach 1 Selectshift,559990.00,"https://carro.mercadolivre.com.br/MLB-3212349594-ford-mustang-50-v8-ti-vct-gasolina-mach-1-selectshift-_JM#position=20&amp;search_layout=grid&amp;type=item&amp;tracking_id=0988b52c-fe6e-4d0e-a523-00740a8a77b6"" target=""_blank"" title=""Ford Mustang 5.0 V8 Ti-vct Gasolina Mach 1 Selectshift""><h2 aria-level=""3"
Ford Mustang 5.0 V8 Ti-vct Gasolina Mach 1 Selectshift,559990.00,"https://carro.mercadolivre.com.br/MLB-3175452134-ford-mustang-50-v8-ti-vct-gasolina-mach-1-selectshift-_JM#position=21&amp;search_layout=grid&amp;type=item&amp;tracking_id=0988b52c-fe6e-4d0e-a523-00740a8a77b6"" target=""_blank"" title=""Ford Mustang 5.0 V8 Ti-vct Gasolina Mach 1 Selectshift""><h2 aria-level=""3"
Ford Mustang Ford Mustang 3.7 V6 Gasolina Automático,279900.00,"https://carro.mercadolivre.com.br/MLB-3069936752-ford-mustang-37-v6-gasolina-automatico-2014-_JM#position=22&amp;search_layout=grid&amp;type=item&amp;tracking_id=0988b52c-fe6e-4d0e-a523-00740a8a77b6"" target=""_blank"" title=""Ford Mustang Ford Mustang 3.7 V6 Gasolina Automático""><h2 aria-level=""3"
Ford Mustang 5.0 V8 Ti-vct Gasolina Mach 1 Selectshift,566300.00,"https://carro.mercadolivre.com.br/MLB-3285425117-mustang-50-v8-ti-vct-gasolina-mach-1-selectshift-_JM#position=23&amp;search_layout=grid&amp;type=item&amp;tracking_id=0988b52c-fe6e-4d0e-a523-00740a8a77b6"" target=""_blank"" title=""Ford Mustang 5.0 V8 Ti-vct Gasolina Mach 1 Selectshift""><h2 aria-level=""3"
Ford Mustang 5.0 V8 Ti-vct Gasolina Mach 1 Selectshift,566300.00,"https://carro.mercadolivre.com.br/MLB-3285222723-mustang-50-v8-ti-vct-gasolina-mach-1-selectshift-_JM#position=24&amp;search_layout=grid&amp;type=item&amp;tracking_id=0988b52c-fe6e-4d0e-a523-00740a8a77b6"" target=""_blank"" title=""Ford Mustang 5.0 V8 Ti-vct Gasolina Mach 1 Selectshift""><h2 aria-level=""3"
Ford Mustang 5.0 V8 Ti-vct Gasolina Mach 1 Selectshift,566300.00,"https://carro.mercadolivre.com.br/MLB-3250218521-mustang-50-v8-ti-vct-gasolina-mach-1-selectshift-_JM#position=25&amp;search_layout=grid&amp;type=item&amp;tracking_id=0988b52c-fe6e-4d0e-a523-00740a8a77b6"" target=""_blank"" title=""Ford Mustang 5.0 V8 Ti-vct Gasolina Mach 1 Selectshift""><h2 aria-level=""3"
Ford Mustang Gt 4.6  V8,289990.00,"https://carro.mercadolivre.com.br/MLB-3052615393-ford-mustang-gt-46-v8-_JM#position=26&amp;search_layout=grid&amp;type=item&amp;tracking_id=0988b52c-fe6e-4d0e-a523-00740a8a77b6"" target=""_blank"" title=""Ford Mustang Gt 4.6  V8""><h2 aria-level=""3"
Ford Mustang Shelby Gt 500 Svt V8,349990.00,"https://carro.mercadolivre.com.br/MLB-2747346578-ford-mustang-shelby-gt-500-svt-v8-_JM#position=27&amp;search_layout=grid&amp;type=item&amp;tracking_id=0988b52c-fe6e-4d0e-a523-00740a8a77b6"" target=""_blank"" title=""Ford Mustang Shelby Gt 500 Svt V8""><h2 aria-level=""3"
Ford Mustang Match1 5.0 V8,599990.00,"https://carro.mercadolivre.com.br/MLB-2680085048-ford-mustang-match1-50-v8-_JM#position=28&amp;search_layout=grid&amp;type=item&amp;tracking_id=0988b52c-fe6e-4d0e-a523-00740a8a77b6"" target=""_blank"" title=""Ford Mustang Match1 5.0 V8""><h2 aria-level=""3"
Ford Mustang Mach 1,599990.00,"https://carro.mercadolivre.com.br/MLB-2680073611-ford-mustang-mach-1-_JM#position=29&amp;search_layout=grid&amp;type=item&amp;tracking_id=0988b52c-fe6e-4d0e-a523-00740a8a77b6"" target=""_blank"" title=""Ford Mustang Mach 1""><h2 aria-level=""3"
Ford Mustang Coupe,45000.00,"https://carro.mercadolivre.com.br/MLB-2052302608-ford-mustang-maverick-gt-v6-nao-v8-motor-rodas-vidros-sucata-_JM#position=30&amp;search_layout=grid&amp;type=item&amp;tracking_id=0988b52c-fe6e-4d0e-a523-00740a8a77b6"" target=""_blank"" title=""Ford Mustang Coupe""><h2 aria-level=""3"
Ford Mustang 4.0 Gt Premium Coupé V6 12v Gasolina 2p Automático,270000.00,"https://carro.mercadolivre.com.br/MLB-3284793298-ford-mustang-40-gt-premium-coupe-v6-12v-gasolina-2p-aut-_JM#position=31&amp;search_layout=grid&amp;type=item&amp;tracking_id=0988b52c-fe6e-4d0e-a523-00740a8a77b6"" target=""_blank"" title=""Ford Mustang 4.0 Gt Premium Coupé V6 12v Gasolina 2p Automático""><h2 aria-level=""3"
Ford Mustang Mach 1 V8 5.0,599990.00,"https://carro.mercadolivre.com.br/MLB-2680072860-ford-mustang-mach-1-v8-50-_JM#position=32&amp;search_layout=grid&amp;type=item&amp;tracking_id=0988b52c-fe6e-4d0e-a523-00740a8a77b6"" target=""_blank"" title=""Ford Mustang Mach 1 V8 5.0""><h2 aria-level=""3"
Ford Mustang Gt V8 5.0,299000.00,"https://carro.mercadolivre.com.br/MLB-3292509105-ford-mustang-gt-v8-50-_JM#position=33&amp;search_layout=grid&amp;type=item&amp;tracking_id=0988b52c-fe6e-4d0e-a523-00740a8a77b6"" target=""_blank"" title=""Ford Mustang Gt V8 5.0""><h2 aria-level=""3"
Ford Mustang Mustang Mach 1 5.0 V8,566990.00,"https://carro.mercadolivre.com.br/MLB-3390515034-mustang-mach-1-50-v8-_JM#position=34&amp;search_layout=grid&amp;type=item&amp;tracking_id=0988b52c-fe6e-4d0e-a523-00740a8a77b6"" target=""_blank"" title=""Ford Mustang Mustang Mach 1 5.0 V8""><h2 aria-level=""3"
Ford Mustang Ford Mustang 3.7 V6 315hp,229000.00,"https://carro.mercadolivre.com.br/MLB-3179849294-ford-mustang-37-v6-315hp-_JM#position=35&amp;search_layout=grid&amp;type=item&amp;tracking_id=0988b52c-fe6e-4d0e-a523-00740a8a77b6"" target=""_blank"" title=""Ford Mustang Ford Mustang 3.7 V6 315hp""><h2 aria-level=""3"
Ford Mustang 3.7 V6,224900.00,"https://carro.mercadolivre.com.br/MLB-3157243815-ford-mustang-37-v6-24v-coupe-2011-_JM#position=36&amp;search_layout=grid&amp;type=item&amp;tracking_id=0988b52c-fe6e-4d0e-a523-00740a8a77b6"" target=""_blank"" title=""Ford Mustang 3.7 V6""><h2 aria-level=""3"
Ford Mustang 4.6 Gt Coupé V8 24v Gasolina 2p Manual,299790.00,"https://carro.mercadolivre.com.br/MLB-3149558878-mustang-46-gt-coupe-v8-24v-gasolina-2p-manual-_JM#position=37&amp;search_layout=grid&amp;type=item&amp;tracking_id=0988b52c-fe6e-4d0e-a523-00740a8a77b6"" target=""_blank"" title=""Ford Mustang 4.6 Gt Coupé V8 24v Gasolina 2p Manual""><h2 aria-level=""3"
Ford Mustang Mach 1 5.0 V8,566990.00,"https://carro.mercadolivre.com.br/MLB-2822254401-mustang-mach-1-50-v8-_JM#position=38&amp;search_layout=grid&amp;type=item&amp;tracking_id=0988b52c-fe6e-4d0e-a523-00740a8a77b6"" target=""_blank"" title=""Ford Mustang Mach 1 5.0 V8""><h2 aria-level=""3"
Ford F150 Ford Crow Vitoria V8,46990.00,"https://carro.mercadolivre.com.br/MLB-2025023684-ford-f-150-crow-vitoria-motor-v8-cambio-pecas-mustang-gt50-_JM#position=39&amp;search_layout=grid&amp;type=item&amp;tracking_id=0988b52c-fe6e-4d0e-a523-00740a8a77b6"" target=""_blank"" title=""Ford F150 Ford Crow Vitoria V8""><h2 aria-level=""3"
Ford Mustang Gt V8,245000.00,"https://carro.mercadolivre.com.br/MLB-3292499035-ford-mustang-gt-v8-_JM#position=40&amp;search_layout=grid&amp;type=item&amp;tracking_id=0988b52c-fe6e-4d0e-a523-00740a8a77b6"" target=""_blank"" title=""Ford Mustang Gt V8""><h2 aria-level=""3"
Ford Mustang 3.7 V6,289990.00,"https://carro.mercadolivre.com.br/MLB-3390056810-ford-mustang-37-v6-_JM#position=41&amp;search_layout=grid&amp;type=item&amp;tracking_id=0988b52c-fe6e-4d0e-a523-00740a8a77b6"" target=""_blank"" title=""Ford Mustang 3.7 V6""><h2 aria-level=""3"
Ford Mustang 5.0 V8 Ti-vct Gasolina Mach 1 Selectshift,638000.00,"https://carro.mercadolivre.com.br/MLB-2860519624-ford-mustang-50-v8-ti-vct-gaso-mach-1-selectshift-blindado-_JM#position=42&amp;search_layout=grid&amp;type=item&amp;tracking_id=0988b52c-fe6e-4d0e-a523-00740a8a77b6"" target=""_blank"" title=""Ford Mustang 5.0 V8 Ti-vct Gasolina Mach 1 Selectshift""><h2 aria-level=""3"
Ford Mustang 5.0 V8 Ti-vct Gasolina Mach 1 Selectshift,566300.00,"https://carro.mercadolivre.com.br/MLB-2833510971-ford-mustang-50-v8-ti-vct-gasolina-mach-1-selectshift-_JM#position=43&amp;search_layout=grid&amp;type=item&amp;tracking_id=0988b52c-fe6e-4d0e-a523-00740a8a77b6"" target=""_blank"" title=""Ford Mustang 5.0 V8 Ti-vct Gasolina Mach 1 Selectshift""><h2 aria-level=""3"
Ford Mustang Mustang Mach 1 5.0 V8,566990.00,"https://carro.mercadolivre.com.br/MLB-2697768586-mustang-mach-1-50-v8-_JM#position=44&amp;search_layout=grid&amp;type=item&amp;tracking_id=0988b52c-fe6e-4d0e-a523-00740a8a77b6"" target=""_blank"" title=""Ford Mustang Mustang Mach 1 5.0 V8""><h2 aria-level=""3"
Ford Mustang V6 3.7,265000.00,"https://carro.mercadolivre.com.br/MLB-2753589277-ford-mustang-v6-37-automatico-gasolina-_JM#position=45&amp;search_layout=grid&amp;type=item&amp;tracking_id=0988b52c-fe6e-4d0e-a523-00740a8a77b6"" target=""_blank"" title=""Ford Mustang V6 3.7""><h2 aria-level=""3"
Ford Mustang Mach 1,599990.00,"https://carro.mercadolivre.com.br/MLB-2680096206-ford-mustang-mach-1-_JM#position=46&amp;search_layout=grid&amp;type=item&amp;tracking_id=0988b52c-fe6e-4d0e-a523-00740a8a77b6"" target=""_blank"" title=""Ford Mustang Mach 1""><h2 aria-level=""3"
Ford Mustang Mach 1,599990.00,"https://carro.mercadolivre.com.br/MLB-2633123210-ford-mustang-mach-1-_JM#position=47&amp;search_layout=grid&amp;type=item&amp;tracking_id=0988b52c-fe6e-4d0e-a523-00740a8a77b6"" target=""_blank"" title=""Ford Mustang Mach 1""><h2 aria-level=""3"
Ford Mustang 5.8 Shelby Gt 500 Cupe V8 32v Gasolina 2p Manual,719000.00,"https://carro.mercadolivre.com.br/MLB-3208827302-ford-mustang-58-shelby-gt-500-cupe-v8-32v-gasolina-2p-_JM#position=48&amp;search_layout=grid&amp;type=item&amp;tracking_id=0988b52c-fe6e-4d0e-a523-00740a8a77b6"" target=""_blank"" title=""Ford Mustang 5.8 Shelby Gt 500 Cupe V8 32v Gasolina 2p Manual""><h2 aria-level=""3"
Ford Mustang Shelby Gt 500 Svt V8,349990.00,"https://carro.mercadolivre.com.br/MLB-3034643852-ford-mustang-shelby-gt-500-svt-v8-_JM#position=1&amp;search_layout=grid&amp;type=item&amp;tracking_id=79ff1e2f-9182-49bf-aaab-14848934eab5"" target=""_blank"" title=""Ford Mustang Shelby Gt 500 Svt V8""><h2 aria-level=""3"
Ford Mustang Mach 1 V8 5.0,599990.00,"https://carro.mercadolivre.com.br/MLB-3034688665-ford-mustang-mach-1-v8-50-_JM#position=2&amp;search_layout=grid&amp;type=item&amp;tracking_id=79ff1e2f-9182-49bf-aaab-14848934eab5"" target=""_blank"" title=""Ford Mustang Mach 1 V8 5.0""><h2 aria-level=""3"
Ford Mustang 3.7 V6,289990.00,"https://carro.mercadolivre.com.br/MLB-3390033064-ford-mustang-37-v6-_JM#position=3&amp;search_layout=grid&amp;type=item&amp;tracking_id=79ff1e2f-9182-49bf-aaab-14848934eab5"" target=""_blank"" title=""Ford Mustang 3.7 V6""><h2 aria-level=""3"
Ford Mustang 3.7 V6,289990.00,"https://carro.mercadolivre.com.br/MLB-3390010652-ford-mustang-37-v6-_JM#position=4&amp;search_layout=grid&amp;type=item&amp;tracking_id=79ff1e2f-9182-49bf-aaab-14848934eab5"" target=""_blank"" title=""Ford Mustang 3.7 V6""><h2 aria-level=""3"
Ford Mustang 5.0 V8 Ti-vct Gasolina Mach 1 Selectshift,566330.00,"https://carro.mercadolivre.com.br/MLB-3199293317-mustang-50-v8-ti-vct-gasolina-mach-1-selectshift-_JM#position=5&amp;search_layout=grid&amp;type=item&amp;tracking_id=79ff1e2f-9182-49bf-aaab-14848934eab5"" target=""_blank"" title=""Ford Mustang 5.0 V8 Ti-vct Gasolina Mach 1 Selectshift""><h2 aria-level=""3"
Ford Mustang Mach 1,599990.00,"https://carro.mercadolivre.com.br/MLB-3034736594-ford-mustang-mach-1-_JM#position=6&amp;search_layout=grid&amp;type=item&amp;tracking_id=79ff1e2f-9182-49bf-aaab-14848934eab5"" target=""_blank"" title=""Ford Mustang Mach 1""><h2 aria-level=""3"
Ford Mustang Mach 1,599990.00,"https://carro.mercadolivre.com.br/MLB-3034872377-ford-mustang-mach-1-_JM#position=7&amp;search_layout=grid&amp;type=item&amp;tracking_id=79ff1e2f-9182-49bf-aaab-14848934eab5"" target=""_blank"" title=""Ford Mustang Mach 1""><h2 aria-level=""3"
Ford Mustang Prestig,53000.00,"https://carro.mercadolivre.com.br/MLB-1632151738-ford-mustang-1995-sucata-motor-pecas-acessorios-_JM#position=8&amp;search_layout=grid&amp;type=item&amp;tracking_id=79ff1e2f-9182-49bf-aaab-14848934eab5"" target=""_blank"" title=""Ford Mustang Prestig""><h2 aria-level=""3"
Ford Mustang 5.0 V8 Ti-vct Gasolina Mach 1 Selectshift,568000.00,"https://carro.mercadolivre.com.br/MLB-3382465536-ford-mustang-50-v8-ti-vct-gasolina-mach-1-selectshift-_JM#position=9&amp;search_layout=grid&amp;type=item&amp;tracking_id=79ff1e2f-9182-49bf-aaab-14848934eab5"" target=""_blank"" title=""Ford Mustang 5.0 V8 Ti-vct Gasolina Mach 1 Selectshift""><h2 aria-level=""3"
Ford Mustang 5.0 V8 Ti-vct Gasolina Mach 1 Selectshift,559990.00,"https://carro.mercadolivre.com.br/MLB-3188361041-ford-mustang-50-v8-ti-vct-gasolina-mach-1-selectshift-_JM#position=10&amp;search_layout=grid&amp;type=item&amp;tracking_id=79ff1e2f-9182-49bf-aaab-14848934eab5"" target=""_blank"" title=""Ford Mustang 5.0 V8 Ti-vct Gasolina Mach 1 Selectshift""><h2 aria-level=""3"
Ford Mustang 5.0 V8 Ti-vct Gasolina Mach 1 Selectshift,559990.00,"https://carro.mercadolivre.com.br/MLB-3188397113-ford-mustang-50-v8-ti-vct-gasolina-mach-1-selectshift-_JM#position=11&amp;search_layout=grid&amp;type=item&amp;tracking_id=79ff1e2f-9182-49bf-aaab-14848934eab5"" target=""_blank"" title=""Ford Mustang 5.0 V8 Ti-vct Gasolina Mach 1 Selectshift""><h2 aria-level=""3"
Ford Mustang 5.0 V8 Ti-vct Gasolina Mach 1 Selectshift,559000.00,"https://carro.mercadolivre.com.br/MLB-3127892549-ford-mustang-50-v8-ti-vct-gasolina-mach-1-selectshift-_JM#position=12&amp;search_layout=grid&amp;type=item&amp;tracking_id=79ff1e2f-9182-49bf-aaab-14848934eab5"" target=""_blank"" title=""Ford Mustang 5.0 V8 Ti-vct Gasolina Mach 1 Selectshift""><h2 aria-level=""3"
Ford Mustang Mach E,799990.00,"https://carro.mercadolivre.com.br/MLB-3144348071-ford-mustang-mach-e-_JM#position=13&amp;search_layout=grid&amp;type=item&amp;tracking_id=79ff1e2f-9182-49bf-aaab-14848934eab5"" target=""_blank"" title=""Ford Mustang Mach E""><h2 aria-level=""3"
Ford Mustang Mach 1 5.0 V8,523880.00,"https://carro.mercadolivre.com.br/MLB-3466862730-ford-mustang-mach-1-50-v8-20222022-_JM#position=14&amp;search_layout=grid&amp;type=item&amp;tracking_id=79ff1e2f-9182-49bf-aaab-14848934eab5"" target=""_blank"" title=""Ford Mustang Mach 1 5.0 V8""><h2 aria-level=""3"
Ford Mustang Mach E,799990.00,"https://carro.mercadolivre.com.br/MLB-3144367370-ford-mustang-mach-e-_JM#position=15&amp;search_layout=grid&amp;type=item&amp;tracking_id=79ff1e2f-9182-49bf-aaab-14848934eab5"" target=""_blank"" title=""Ford Mustang Mach E""><h2 aria-level=""3"
Ford Mustang 5.0 Gt Premium V8 2p,366000.00,"https://carro.mercadolivre.com.br/MLB-3263488937-ford-mustang-2018-50-gt-premium-v8-2p-_JM#position=16&amp;search_layout=grid&amp;type=item&amp;tracking_id=79ff1e2f-9182-49bf-aaab-14848934eab5"" target=""_blank"" title=""Ford Mustang 5.0 Gt Premium V8 2p""><h2 aria-level=""3"
Ford Mustang Gt V8  Manual,120000.00,"https://carro.mercadolivre.com.br/MLB-3407962462-ford-mustang-gt-v8-manual-_JM#position=17&amp;search_layout=grid&amp;type=item&amp;tracking_id=79ff1e2f-9182-49bf-aaab-14848934eab5"" target=""_blank"" title=""Ford Mustang Gt V8  Manual""><h2 aria-level=""3"
Ford Mustang 5.0 Gt Black Shadow V8 2p,460000.00,"https://carro.mercadolivre.com.br/MLB-3281956083-ford-mustang-2020-50-gt-black-shadow-v8-2p-_JM#position=18&amp;search_layout=grid&amp;type=item&amp;tracking_id=79ff1e2f-9182-49bf-aaab-14848934eab5"" target=""_blank"" title=""Ford Mustang 5.0 Gt Black Shadow V8 2p""><h2 aria-level=""3"
Ford Mustang Cupê Automático 3.8 V6,76000.00,"https://carro.mercadolivre.com.br/MLB-3265299771-ford-mustang-38-v6-automatico-95-_JM#position=19&amp;search_layout=grid&amp;type=item&amp;tracking_id=79ff1e2f-9182-49bf-aaab-14848934eab5"" target=""_blank"" title=""Ford Mustang Cupê Automático 3.8 V6""><h2 aria-level=""3"
Ford Mustang Gt 5.0 Conversível,130000.00,"https://carro.mercadolivre.com.br/MLB-3290004101-ford-mustang-gt-50-conversivel-_JM#position=20&amp;search_layout=grid&amp;type=item&amp;tracking_id=79ff1e2f-9182-49bf-aaab-14848934eab5"" target=""_blank"" title=""Ford Mustang Gt 5.0 Conversível""><h2 aria-level=""3"
Ford Mustang Gt Conversível,10000.00,"https://carro.mercadolivre.com.br/MLB-3281956537-ford-mustang-gt-conversivel-_JM#position=21&amp;search_layout=grid&amp;type=item&amp;tracking_id=79ff1e2f-9182-49bf-aaab-14848934eab5"" target=""_blank"" title=""Ford Mustang Gt Conversível""><h2 aria-level=""3"
Ford Mustang 5.0 Gt Premium V8 2p,358000.00,"https://carro.mercadolivre.com.br/MLB-1741623848-ford-mustang-gt-2018-sucata-motor-pecas-acessorios-_JM#position=22&amp;search_layout=grid&amp;type=item&amp;tracking_id=79ff1e2f-9182-49bf-aaab-14848934eab5"" target=""_blank"" title=""Ford Mustang 5.0 Gt Premium V8 2p""><h2 aria-level=""3"
Ford Mustang Fastback Hardtop,459000.00,"https://carro.mercadolivre.com.br/MLB-2768258398-ford-kit-mustang-eleanor-frente-60seg-fibra-fox-maverick-gt-_JM#position=23&amp;search_layout=grid&amp;type=item&amp;tracking_id=79ff1e2f-9182-49bf-aaab-14848934eab5"" target=""_blank"" title=""Ford Mustang Fastback Hardtop""><h2 aria-level=""3"
